 Point_X, Point_Y, Object Type
9.184850993605148E-17,-0.5,EmptySpace
1.8369701987210297E-16,-1.0,EmptySpace
2.755455298081545E-16,-1.5,EmptySpace
3.6739403974420594E-16,-2.0,EmptySpace
4.592425496802574E-16,-2.5,EmptySpace
5.510910596163089E-16,-3.0,EmptySpace
6.429395695523603E-16,-3.5,EmptySpace
7.347880794884118E-16,-4.0,EmptySpace
8.266365894244632E-16,-4.5,EmptySpace
9.184850993605148E-16,-5.0,EmptySpace
1.0103336092965664E-15,-5.5,EmptySpace
1.102182119232618E-15,-6.0,EmptySpace
1.1940306291686695E-15,-6.5,EmptySpace
16.182174385128235,-6.499999999999994,Wall
16.138836390436555,-6.499999999999994,Wall
16.254219468568074,-6.499999999999994,Wall
16.144212816231214,-6.499999999999994,Wall
16.254219468568074,-6.499999999999994,Wall
16.322557218123826,-6.499999999999994,Wall
16.202289492278314,-6.499999999999994,Wall
16.2862669048619,-6.499999999999994,Wall
16.322557218123826,-6.499999999999994,Wall
16.138836390436555,-6.499999999999994,Wall
16.286266904861904,-6.499999999999994,Wall
16.182174385128235,-6.499999999999994,Wall
16.22626892723472,-6.499999999999994,Wall
16.144212816231214,-6.499999999999994,Wall
16.202289492278314,-6.499999999999994,Wall
16.153199322731787,-6.499999999999994,Wall
16.16583484651184,-6.499999999999994,Wall
16.165834846511842,-6.499999999999994,Wall
16.13704682132419,-6.499999999999994,Wall
16.226268927234724,-6.499999999999994,Wall
16.153199322731787,-6.499999999999994,Wall
16.182174385128235,-6.499999999999994,Wall
16.138836390436555,-6.499999999999994,Wall
16.254219468568074,-6.499999999999994,Wall
16.144212816231214,-6.499999999999994,Wall
16.254219468568074,-6.499999999999994,Wall
16.322557218123826,-6.499999999999994,Wall
16.202289492278314,-6.499999999999994,Wall
16.2862669048619,-6.499999999999994,Wall
16.322557218123826,-6.499999999999994,Wall
16.138836390436555,-6.499999999999994,Wall
16.286266904861904,-6.499999999999994,Wall
16.182174385128235,-6.499999999999994,Wall
16.22626892723472,-6.499999999999994,Wall
16.144212816231214,-6.499999999999994,Wall
16.202289492278314,-6.499999999999994,Wall
16.153199322731787,-6.499999999999994,Wall
16.16583484651184,-6.499999999999994,Wall
16.165834846511842,-6.499999999999994,Wall
16.13704682132419,-6.499999999999994,Wall
16.226268927234724,-6.499999999999994,Wall
16.153199322731787,-6.499999999999994,Wall
13.218456966817156,-15.894993122539708,Wall
13.101704926309068,-15.81201183203284,Wall
13.312466014281963,-15.961809874041455,Wall
13.012269229607845,-15.748445580879105,Wall
13.263777460944295,-15.927204577454864,Wall
12.90278413645259,-15.670629259367722,Wall
13.068930300521789,-15.788717329154156,Wall
13.36464590011383,-15.998896628551147,Wall
13.176397183796412,-15.865099211835352,Wall
12.902775676501282,-15.670623246473436,Wall
12.967269841589372,-15.71646235151933,Wall
13.420457345787415,-16.038564507304216,Wall
12.905974456695187,-15.672896773406094,Wall
12.988319672203657,-15.731423478551651,Wall
13.039131045479282,-15.767537565367508,Wall
12.933882659709989,-15.692732475564426,Wall
13.13750582128533,-15.83745724997588,Wall
12.949119866280252,-15.703562291124118,Wall
12.921584160774813,-15.683991340861366,Wall
12.912263694214166,-15.677366836998628,Wall
13.218456966817156,-15.894993122539708,Wall
13.101704926309068,-15.81201183203284,Wall
13.312466014281963,-15.961809874041455,Wall
13.012269229607845,-15.748445580879105,Wall
13.263777460944295,-15.927204577454864,Wall
12.90278413645259,-15.670629259367722,Wall
13.068930300521789,-15.788717329154156,Wall
13.36464590011383,-15.998896628551147,Wall
13.176397183796412,-15.865099211835352,Wall
12.902775676501282,-15.670623246473436,Wall
12.967269841589372,-15.71646235151933,Wall
13.420457345787415,-16.038564507304216,Wall
12.905974456695187,-15.672896773406094,Wall
12.988319672203657,-15.731423478551651,Wall
13.039131045479282,-15.767537565367508,Wall
12.933882659709989,-15.692732475564426,Wall
13.13750582128533,-15.83745724997588,Wall
12.949119866280252,-15.703562291124118,Wall
12.921584160774813,-15.683991340861366,Wall
12.912263694214166,-15.677366836998628,Wall
3.822300847727132,-22.11260911736865,Wall
3.7343487828712227,-21.753359214138953,Wall
3.7762904121343346,-21.924674421789323,Wall
3.7987665508812367,-22.016480687884727,Wall
3.7548302761388292,-21.8370181309187,Wall
3.84694056995062,-22.21325277865047,Wall
3.822300847727132,-22.11260911736865,Wall
3.7343487828712227,-21.753359214138953,Wall
3.7762904121343346,-21.924674421789323,Wall
3.7987665508812367,-22.016480687884727,Wall
3.7548302761388292,-21.8370181309187,Wall
3.84694056995062,-22.21325277865047,Wall
-0.3086667752583089,-6.893350761854653,EmptySpace
3.52788164255034,-22.564155649628802,Wall
3.6551392330932244,-23.083953304893335,Wall
3.551063471569235,-22.65884438542334,Wall
3.505725508567877,-22.47365647826558,Wall
3.4845499609651696,-22.38716262005348,Wall
3.684322185021796,-23.203154288673215,Wall
3.4643146854545277,-22.30450940684087,Wall
3.600710807968451,-22.861634403215998,Wall
3.5753212537065524,-22.75792797032468,Wall
3.6272939890020677,-22.97021633622132,Wall
3.52788164255034,-22.564155649628802,Wall
3.6551392330932244,-23.083953304893335,Wall
3.551063471569235,-22.65884438542334,Wall
3.505725508567877,-22.47365647826558,Wall
3.4845499609651696,-22.38716262005348,Wall
3.684322185021796,-23.203154288673215,Wall
3.4643146854545277,-22.30450940684087,Wall
3.600710807968451,-22.861634403215998,Wall
3.5753212537065524,-22.75792797032468,Wall
3.6272939890020677,-22.97021633622132,Wall
-0.78402852385306,-7.04837078628034,EmptySpace
-1.2593902724478112,-7.2033908107060265,EmptySpace
-14.854378375248617,-17.125493200659903,Wall
-14.898737624883298,-17.157868147477707,Wall
-14.812895297591869,-17.095217385716317,Wall
-14.774261440872058,-17.06702103282552,Wall
-14.854378375248617,-17.125493200659903,Wall
-14.898737624883298,-17.157868147477707,Wall
-14.812895297591869,-17.095217385716317,Wall
-14.774261440872058,-17.06702103282552,Wall
-1.7347520210425624,-7.358410835131713,EmptySpace
-15.516776278282657,-17.41701881530288,Wall
-15.744652657210047,-17.583331043520552,Wall
-15.001621176661796,-17.041040430743926,Wall
-14.958061627522172,-17.00924913358681,Wall
-15.202184185990918,-17.187418397326393,Wall
-15.381809010569265,-17.318514937298847,Wall
-14.750928190899378,-16.858075837147442,Wall
-15.589191271004289,-17.469869834142962,Wall
-14.778911343888446,-16.87849893035295,Wall
-14.917077049844703,-16.979337141531364,Wall
-14.809553759542721,-16.900862847356645,Wall
-15.148007555313434,-17.147878379147638,Wall
-15.047775580160517,-17.07472554424301,Wall
-15.447694547654475,-17.366600528844298,Wall
-14.842812867147034,-16.925136518547315,Wall
-14.878659441557714,-16.951298614383106,Wall
-15.259154192821477,-17.228997120062658,Wall
-15.665093016725324,-17.52526560844785,Wall
-15.096556528278116,-17.110327602754715,Wall
-15.318997967422364,-17.27267321999753,Wall
-15.516776278282657,-17.41701881530288,Wall
-15.744652657210047,-17.583331043520552,Wall
-15.001621176661796,-17.041040430743926,Wall
-14.958061627522172,-17.00924913358681,Wall
-15.202184185990918,-17.187418397326393,Wall
-15.381809010569265,-17.318514937298847,Wall
-14.750928190899378,-16.858075837147442,Wall
-15.589191271004289,-17.469869834142962,Wall
-14.778911343888446,-16.87849893035295,Wall
-14.917077049844703,-16.979337141531364,Wall
-14.809553759542721,-16.900862847356645,Wall
-15.148007555313434,-17.147878379147638,Wall
-15.047775580160517,-17.07472554424301,Wall
-15.447694547654475,-17.366600528844298,Wall
-14.842812867147034,-16.925136518547315,Wall
-14.878659441557714,-16.951298614383106,Wall
-15.259154192821477,-17.228997120062658,Wall
-15.665093016725324,-17.52526560844785,Wall
-15.096556528278116,-17.110327602754715,Wall
-15.318997967422364,-17.27267321999753,Wall
-17.820435290445484,-1.3269296602662415,Wall
-17.856900583631074,-1.3132566489492046,Wall
-17.799578031679967,-1.3347502894242718,Wall
-17.70878727243354,-1.3687931551251138,Wall
-17.826333134246852,-1.3247182071831203,Wall
-17.71210092071281,-1.367550670930826,Wall
-17.727011369804632,-1.3619598550792436,Wall
-17.773333464459554,-1.3445909415421395,Wall
-17.754712320162774,-1.3515731181397683,Wall
-17.956848311675767,-1.2757802899984592,Wall
-18.00052738958977,-1.2594024009301767,Wall
-17.849088896992047,-1.3161857157546448,Wall
-17.88128671090651,-1.3041128367078283,Wall
-17.728001891619435,-1.3615884494274457,Wall
-17.739287966190545,-1.3573566275536901,Wall
-17.71784757132139,-1.365395909185013,Wall
-17.795214927040995,-1.3363862773430437,Wall
-17.718455897551415,-1.3651678114323014,Wall
-17.917157351139533,-1.290662796217016,Wall
-17.740801308023713,-1.3567891855230965,Wall
-17.70888922453051,-1.3687549272088164,Wall
-17.71177539268993,-1.3676727307842373,Wall
-17.776487177324576,-1.3434084266649196,Wall
-17.756931829719633,-1.350740891750287,Wall
-17.891449350211722,-1.3003022576587604,Wall
-17.820435290445484,-1.3269296602662415,Wall
-17.856900583631074,-1.3132566489492046,Wall
-17.799578031679967,-1.3347502894242718,Wall
-17.70878727243354,-1.3687931551251138,Wall
-17.826333134246852,-1.3247182071831203,Wall
-17.71210092071281,-1.367550670930826,Wall
-17.727011369804632,-1.3619598550792436,Wall
-17.773333464459554,-1.3445909415421395,Wall
-17.754712320162774,-1.3515731181397683,Wall
-17.956848311675767,-1.2757802899984592,Wall
-18.00052738958977,-1.2594024009301767,Wall
-17.849088896992047,-1.3161857157546448,Wall
-17.88128671090651,-1.3041128367078283,Wall
-17.728001891619435,-1.3615884494274457,Wall
-17.739287966190545,-1.3573566275536901,Wall
-17.71784757132139,-1.365395909185013,Wall
-17.795214927040995,-1.3363862773430437,Wall
-17.718455897551415,-1.3651678114323014,Wall
-17.917157351139533,-1.290662796217016,Wall
-17.740801308023713,-1.3567891855230965,Wall
-17.70888922453051,-1.3687549272088164,Wall
-17.71177539268993,-1.3676727307842373,Wall
-17.776487177324576,-1.3434084266649196,Wall
-17.756931829719633,-1.350740891750287,Wall
-17.891449350211722,-1.3003022576587604,Wall
-10.930110397499412,6.844719999224476,Wall
-11.211443697443586,7.2792668111680845,Wall
-11.249835755965352,7.3385671024521075,Wall
-10.963948336731137,6.896986007616678,Wall
-10.983581575769078,6.927311466543,Wall
-11.11033721407233,7.123097953714926,Wall
-11.02842583012825,6.996577805684628,Wall
-11.005061389826501,6.960489141285543,Wall
-11.081003683340805,7.077789445035136,Wall
-11.14179656355357,7.171689997477979,Wall
-11.053721456298643,7.03564937563615,Wall
-10.91587011710179,6.822724492652029,Wall
-11.175466683624089,7.223696792753571,Wall
-10.946131863248251,6.869466720871729,Wall
-10.930110397499412,6.844719999224476,Wall
-11.211443697443586,7.2792668111680845,Wall
-11.249835755965352,7.3385671024521075,Wall
-10.963948336731137,6.896986007616678,Wall
-10.983581575769078,6.927311466543,Wall
-11.11033721407233,7.123097953714926,Wall
-11.02842583012825,6.996577805684628,Wall
-11.005061389826501,6.960489141285543,Wall
-11.081003683340805,7.077789445035136,Wall
-11.14179656355357,7.171689997477979,Wall
-11.053721456298643,7.03564937563615,Wall
-10.91587011710179,6.822724492652029,Wall
-11.175466683624089,7.223696792753571,Wall
-10.946131863248251,6.869466720871729,Wall
0.019335317452273015,9.923150460819343,Wall
0.019335317452273015,9.923150460819343,Wall
-2.069979244073037,-6.987435486975968,EmptySpace
-0.3615962484609567,9.84383899275689,Wall
-0.3390160247807681,10.066303126122282,Wall
-0.3720991482023652,9.740362671092011,Wall
-0.35057880978340705,9.95238463792062,Wall
-0.3615962484609567,9.84383899275689,Wall
-0.3390160247807681,10.066303126122282,Wall
-0.3720991482023652,9.740362671092011,Wall
-0.35057880978340705,9.95238463792062,Wall
-2.4052064671035116,-6.616460138820222,EmptySpace
-0.6972788603461955,10.210327773890349,Wall
-0.7323693984446566,9.864609934334638,Wall
-0.7429112201635237,9.760750146849986,Wall
-0.7624621856595399,9.568130770836273,Wall
-0.7212745756683763,9.973917980558,Wall
-0.7095909409004113,10.089027100822982,Wall
-0.7529324029013313,9.662019781525103,Wall
-0.6972788603461955,10.210327773890349,Wall
-0.7323693984446566,9.864609934334638,Wall
-0.7429112201635237,9.760750146849986,Wall
-0.7624621856595399,9.568130770836273,Wall
-0.7212745756683763,9.973917980558,Wall
-0.7095909409004113,10.089027100822982,Wall
-0.7529324029013313,9.662019781525103,Wall
-2.7404336901339863,-6.245484790664476,EmptySpace
-1.1340639527632277,9.580738038213955,Wall
-1.1245458779492108,9.674511700282014,Wall
-1.0926972319761536,9.988289877398735,Wall
-1.1038983061775858,9.877935024396578,Wall
-1.1430868561107868,9.491842888100113,Wall
-1.0683315368060435,10.228344773959382,Wall
-1.0550693099028372,10.359006447479718,Wall
-1.0808570595906786,10.104941232404691,Wall
-1.1145019811439216,9.773465848391737,Wall
-1.1340639527632277,9.580738038213955,Wall
-1.1245458779492108,9.674511700282014,Wall
-1.0926972319761536,9.988289877398735,Wall
-1.1038983061775858,9.877935024396578,Wall
-1.1430868561107868,9.491842888100113,Wall
-1.0683315368060435,10.228344773959382,Wall
-1.0550693099028372,10.359006447479718,Wall
-1.0808570595906786,10.104941232404691,Wall
-1.1145019811439216,9.773465848391737,Wall
-3.075660913164461,-5.874509442508731,EmptySpace
-1.4263620283249223,10.374658514062851,Wall
-1.4761286305232941,9.884349640891024,Wall
-1.4063731672295259,10.571592110626387,Wall
-1.4647889910012477,9.996069662564743,Wall
-1.4249240171010285,10.38882604071025,Wall
-1.4868195000189484,9.779021409826601,Wall
-1.415920409155355,10.47753108930343,Wall
-1.452751855344422,10.114661532602188,Wall
-1.5064259431466984,9.585855458923302,Wall
-1.5395146770025139,9.259859728958475,Wall
-1.4969054423146242,9.679653022526278,Wall
-1.4399630058591313,10.240659412772963,Wall
-1.4118814928390742,10.517323167130591,Wall
-1.4263620283249223,10.374658514062851,Wall
-1.4761286305232941,9.884349640891024,Wall
-1.4063731672295259,10.571592110626387,Wall
-1.4647889910012477,9.996069662564743,Wall
-1.4249240171010285,10.38882604071025,Wall
-1.4868195000189484,9.779021409826601,Wall
-1.415920409155355,10.47753108930343,Wall
-1.452751855344422,10.114661532602188,Wall
-1.5064259431466984,9.585855458923302,Wall
-1.5395146770025139,9.259859728958475,Wall
-1.4969054423146242,9.679653022526278,Wall
-1.4399630058591313,10.240659412772963,Wall
-1.4118814928390742,10.517323167130591,Wall
7.480405371558234,6.902429002475315,Wall
7.480405371558234,6.902429002475315,Wall
-3.2886971105553884,-5.422164907224824,EmptySpace
7.0280377978370865,7.0650896554450195,Wall
6.919432696197632,6.933635318097137,Wall
7.0280377978370865,7.0650896554450195,Wall
6.919432696197632,6.933635318097137,Wall
-3.5017333079463158,-4.969820371940917,EmptySpace
6.466922386272845,7.096123204845166,Wall
6.365321089999744,6.973146191116977,Wall
6.574829776331011,7.226733040303231,Wall
6.689608674573076,7.36566006842775,Wall
6.466922386272845,7.096123204845166,Wall
6.365321089999744,6.973146191116977,Wall
6.574829776331011,7.226733040303231,Wall
6.689608674573076,7.36566006842775,Wall
-3.714769505337243,-4.51747583665701,EmptySpace
5.9132688162911045,7.1361884795125,Wall
6.23539044267727,7.526080706514774,Wall
6.0138107347501,7.257883234797463,Wall
5.818806970937597,7.021852973185856,Wall
6.120979652663973,7.387599232259777,Wall
5.9132688162911045,7.1361884795125,Wall
6.23539044267727,7.526080706514774,Wall
6.0138107347501,7.257883234797463,Wall
5.818806970937597,7.021852973185856,Wall
6.120979652663973,7.387599232259777,Wall
-3.9278057027281705,-4.0651313013731025,EmptySpace
5.367897384645669,7.186278356987505,Wall
5.560328813335717,7.419195094428933,Wall
5.460925631854893,7.2988786529857625,Wall
5.666701261614863,7.54794705441538,Wall
5.280715783503069,7.080754772605862,Wall
5.7807133674603985,7.685945966044012,Wall
5.367897384645669,7.186278356987505,Wall
5.560328813335717,7.419195094428933,Wall
5.460925631854893,7.2988786529857625,Wall
5.666701261614863,7.54794705441538,Wall
5.280715783503069,7.080754772605862,Wall
5.7807133674603985,7.685945966044012,Wall
-4.1408419001190975,-3.6127867660891955,EmptySpace
5.212226345729372,7.708057005221033,Wall
5.106728488502682,7.580363639955419,Wall
4.917090057392635,7.350827513926811,Wall
5.008565550206109,7.461548374271716,Wall
5.521627051521827,8.082551979590992,Wall
4.831728425461579,7.24750679886793,Wall
5.325792046590523,7.845515593508262,Wall
5.212226345729372,7.708057005221033,Wall
5.106728488502682,7.580363639955419,Wall
4.917090057392635,7.350827513926811,Wall
5.008565550206109,7.461548374271716,Wall
5.521627051521827,8.082551979590992,Wall
4.831728425461579,7.24750679886793,Wall
5.325792046590523,7.845515593508262,Wall
-4.353878097510025,-3.1604422308052884,EmptySpace
4.466713820867788,7.515898458011981,Wall
4.9933557807913065,8.15333969066386,Wall
4.870858636857305,8.005070588754538,Wall
4.757807314063953,7.868234597629212,Wall
4.999626793681044,8.160930050890737,Wall
5.084637756990345,8.263826320775262,Wall
5.175973200087709,8.37437766659139,Wall
4.653285753055686,7.741722929820811,Wall
4.556490334947441,7.624562894484975,Wall
4.466713820867788,7.515898458011981,Wall
4.9933557807913065,8.15333969066386,Wall
4.870858636857305,8.005070588754538,Wall
4.757807314063953,7.868234597629212,Wall
4.999626793681044,8.160930050890737,Wall
5.084637756990345,8.263826320775262,Wall
5.175973200087709,8.37437766659139,Wall
4.653285753055686,7.741722929820811,Wall
4.556490334947441,7.624562894484975,Wall
-4.566914294900952,-2.7080976955213814,EmptySpace
4.017134075051731,7.6819334650808155,Wall
4.538651277030203,8.313171751005836,Wall
4.416165357293,8.164916234732276,Wall
4.648135392370104,8.44569003619565,Wall
4.487933625086029,8.251783701756594,Wall
4.565001334058282,8.345065550039367,Wall
4.303720392335382,8.02881417199787,Wall
4.20030456376557,7.90364086972467,Wall
4.737889370490334,8.554327195408481,Wall
4.1050340210504075,7.78832652562534,Wall
4.017134075051731,7.6819334650808155,Wall
4.538651277030203,8.313171751005836,Wall
4.416165357293,8.164916234732276,Wall
4.648135392370104,8.44569003619565,Wall
4.487933625086029,8.251783701756594,Wall
4.565001334058282,8.345065550039367,Wall
4.303720392335382,8.02881417199787,Wall
4.20030456376557,7.90364086972467,Wall
4.737889370490334,8.554327195408481,Wall
4.1050340210504075,7.78832652562534,Wall
7.744843401612215,4.761096595816231,Wall
7.91948985395662,4.8670496463073585,Wall
7.5835017948774155,4.6632152178940425,Wall
7.744843401612215,4.761096595816231,Wall
7.91948985395662,4.8670496463073585,Wall
7.5835017948774155,4.6632152178940425,Wall
-4.7015591126503775,-2.226568077477772,EmptySpace
7.550585245870492,5.206460492051836,Wall
7.209327908324392,4.999429341804435,Wall
7.372766171876922,5.0985827019666825,Wall
7.550585245870492,5.206460492051836,Wall
7.209327908324392,4.999429341804435,Wall
7.372766171876922,5.0985827019666825,Wall
-4.836203930399803,-1.745038459434163,EmptySpace
6.6868846998317455,5.24569267230979,Wall
6.54753192375855,5.161151294450905,Wall
7.004517710984803,5.438391613608538,Wall
7.18589254803072,5.548426584312951,Wall
6.838734056850512,5.337815371484505,Wall
6.6868846998317455,5.24569267230979,Wall
6.54753192375855,5.161151294450905,Wall
7.004517710984803,5.438391613608538,Wall
7.18589254803072,5.548426584312951,Wall
6.838734056850512,5.337815371484505,Wall
-4.970848748149228,-1.263508841390554,EmptySpace
6.178877860108477,5.5007141384004825,Wall
6.318740542755153,5.585564862118963,Wall
6.051076002204681,5.423180375065641,Wall
6.640480835165235,5.780755574493304,Wall
6.472068315432157,5.6785844741526645,Wall
6.178877860108477,5.5007141384004825,Wall
6.318740542755153,5.585564862118963,Wall
6.051076002204681,5.423180375065641,Wall
6.640480835165235,5.780755574493304,Wall
6.472068315432157,5.6785844741526645,Wall
-5.105493565898653,-0.7819792233469449,EmptySpace
6.109691613417134,6.021955615409982,Wall
5.686805781440642,5.765402772189153,Wall
5.954706576403488,5.927930588095407,Wall
6.281060800642496,6.125920442081103,Wall
5.814271959517308,5.842732888091166,Wall
5.570937810283114,5.695108959554766,Wall
6.109691613417134,6.021955615409982,Wall
5.686805781440642,5.765402772189153,Wall
5.954706576403488,5.927930588095407,Wall
6.281060800642496,6.125920442081103,Wall
5.814271959517308,5.842732888091166,Wall
5.570937810283114,5.695108959554766,Wall
-5.240138383648079,-0.3004496053033358,EmptySpace
5.751978675892639,6.368156130341431,Wall
5.454052459051894,6.187412742360612,Wall
5.926689258702639,6.474148086967599,Wall
5.3269584420851,6.110308406051233,Wall
5.108751758817135,5.977928598620619,Wall
5.595128824808935,6.272999773207846,Wall
5.212303286662383,6.040750374333444,Wall
5.751978675892639,6.368156130341431,Wall
5.454052459051894,6.187412742360612,Wall
5.926689258702639,6.474148086967599,Wall
5.3269584420851,6.110308406051233,Wall
5.108751758817135,5.977928598620619,Wall
5.595128824808935,6.272999773207846,Wall
5.212303286662383,6.040750374333444,Wall
-5.374783201397504,0.1810800127402733,EmptySpace
5.399319535974032,6.717422640978607,Wall
5.889195177394376,7.014616302075304,Wall
4.666274808291993,6.272705190370521,Wall
4.971879192868826,6.458106705000353,Wall
5.098558448205628,6.534959417189492,Wall
5.240358925600724,6.620985746035157,Wall
4.858573771774839,6.389367518827732,Wall
5.399319535974032,6.717422640978607,Wall
5.889195177394376,7.014616302075304,Wall
4.666274808291993,6.272705190370521,Wall
4.971879192868826,6.458106705000353,Wall
5.098558448205628,6.534959417189492,Wall
5.240358925600724,6.620985746035157,Wall
4.858573771774839,6.389367518827732,Wall
-5.509428019146929,0.6626096307838825,EmptySpace
4.510109991674316,6.7411792353060065,Wall
5.328483781729236,7.2376634085276494,Wall
5.433381058200283,7.30130161177269,Wall
4.890753203630439,6.972104678761109,Wall
4.748127007241035,6.8855774096150775,Wall
5.052122017697494,7.070002562600306,Wall
5.550838420024739,7.372559662657111,Wall
4.621908916237672,6.8090044727506,Wall
4.510109991674316,6.7411792353060065,Wall
5.328483781729236,7.2376634085276494,Wall
5.433381058200283,7.30130161177269,Wall
4.890753203630439,6.972104678761109,Wall
4.748127007241035,6.8855774096150775,Wall
5.052122017697494,7.070002562600306,Wall
5.550838420024739,7.372559662657111,Wall
4.621908916237672,6.8090044727506,Wall
-5.644072836896354,1.1441392488274915,EmptySpace
4.4030898773971785,7.239467977640498,Wall
4.710815812927201,7.426156577076494,Wall
5.216969537727188,7.733225689790272,Wall
4.905951963110436,7.5445401462556525,Wall
4.997140533468237,7.599861666215766,Wall
4.5466720411902966,7.326575205103657,Wall
4.16726365950378,7.096398898159185,Wall
5.100314233394348,7.662454224443463,Wall
4.2773794600034964,7.163203031959796,Wall
4.4030898773971785,7.239467977640498,Wall
4.710815812927201,7.426156577076494,Wall
5.216969537727188,7.733225689790272,Wall
4.905951963110436,7.5445401462556525,Wall
4.997140533468237,7.599861666215766,Wall
4.5466720411902966,7.326575205103657,Wall
4.16726365950378,7.096398898159185,Wall
5.100314233394348,7.662454224443463,Wall
4.2773794600034964,7.163203031959796,Wall
-5.77871765464578,1.6256688668711006,EmptySpace
3.8303709627632525,7.455230462810848,Wall
4.063769765252552,7.596826898196499,Wall
4.208479966628486,7.684618474075347,Wall
4.6706850435274685,7.96502518828309,Wall
3.7368428938046865,7.39848963538675,Wall
3.9386079660214044,7.520894783598792,Wall
4.5821830489104425,7.911333537646342,Wall
4.772006253661196,8.026493893481584,Wall
3.8303709627632525,7.455230462810848,Wall
4.063769765252552,7.596826898196499,Wall
4.208479966628486,7.684618474075347,Wall
4.6706850435274685,7.96502518828309,Wall
3.7368428938046865,7.39848963538675,Wall
3.9386079660214044,7.520894783598792,Wall
4.5821830489104425,7.911333537646342,Wall
4.772006253661196,8.026493893481584,Wall
-5.913362472395205,2.1071984849147096,EmptySpace
4.349352706532958,8.333296781974557,Wall
3.4997446287890224,7.8178636520684535,Wall
3.8765471550463904,8.04645906041378,Wall
3.409487963606555,7.763107492553799,Wall
3.73047650606161,7.957842139546494,Wall
4.263767938607112,8.281374930052614,Wall
3.605890203240179,7.882259162302209,Wall
4.190280172178564,8.236791985925414,Wall
4.448684203657141,8.393558384708996,Wall
4.349352706532958,8.333296781974557,Wall
3.4997446287890224,7.8178636520684535,Wall
3.8765471550463904,8.04645906041378,Wall
3.409487963606555,7.763107492553799,Wall
3.73047650606161,7.957842139546494,Wall
4.263767938607112,8.281374930052614,Wall
3.605890203240179,7.882259162302209,Wall
4.190280172178564,8.236791985925414,Wall
4.448684203657141,8.393558384708996,Wall
-6.04800729014463,2.588728102958319,EmptySpace
3.950936905459919,8.654804023731536,Wall
4.033352283664506,8.70480309677847,Wall
3.175664421568259,8.184468190810238,Wall
2.8170430571032714,7.966902777792712,Wall
3.0890591344995695,8.131927218861422,Wall
3.403503510386276,8.322691705558668,Wall
3.8814314391141043,8.612637028145361,Wall
3.279492948305897,8.2474580138967,Wall
4.130551946491092,8.763771376093283,Wall
3.5512534630812063,8.412327412369802,Wall
3.8232345716739413,8.577330638856942,Wall
3.950936905459919,8.654804023731536,Wall
4.033352283664506,8.70480309677847,Wall
3.175664421568259,8.184468190810238,Wall
2.8170430571032714,7.966902777792712,Wall
3.0890591344995695,8.131927218861422,Wall
3.403503510386276,8.322691705558668,Wall
3.8814314391141043,8.612637028145361,Wall
3.279492948305897,8.2474580138967,Wall
4.130551946491092,8.763771376093283,Wall
3.5512534630812063,8.412327412369802,Wall
3.8232345716739413,8.577330638856942,Wall
-5.9993631131587435,3.086356221180517,EmptySpace
-5.950718936172857,3.583984339402715,EmptySpace
-5.90207475918697,4.081612457624913,EmptySpace
1.7279956483776147,2.5755106499517852,Wall
3.717982964544296,2.182706477246664,Wall
2.8297033202416415,2.358044253511102,Wall
3.906341657513881,2.145526300286411,Wall
3.000546596048652,2.3243214498176212,Wall
1.5851820833420653,2.603700660917744,Wall
1.874771575794834,2.5465385071276754,Wall
3.5333448764188873,2.2191522429391126,Wall
2.1794065661822,2.4864065181426165,Wall
3.1747236991567878,2.289940580987583,Wall
4.098576955638997,2.1075809191117134,Wall
2.33697305358114,2.4553044235584074,Wall
3.352294796647495,2.2548897706233553,Wall
2.025297509086858,2.5168261495578106,Wall
2.497908738103634,2.423537282178148,Wall
4.294868388662364,2.068834896294657,Wall
2.6621596413987287,2.3911157488041654,Wall
1.7279956483776147,2.5755106499517852,Wall
3.717982964544296,2.182706477246664,Wall
2.8297033202416415,2.358044253511102,Wall
3.906341657513881,2.145526300286411,Wall
3.000546596048652,2.3243214498176212,Wall
1.5851820833420653,2.603700660917744,Wall
1.874771575794834,2.5465385071276754,Wall
3.5333448764188873,2.2191522429391126,Wall
2.1794065661822,2.4864065181426165,Wall
3.1747236991567878,2.289940580987583,Wall
4.098576955638997,2.1075809191117134,Wall
2.33697305358114,2.4553044235584074,Wall
3.352294796647495,2.2548897706233553,Wall
2.025297509086858,2.5168261495578106,Wall
2.497908738103634,2.423537282178148,Wall
4.294868388662364,2.068834896294657,Wall
2.6621596413987287,2.3911157488041654,Wall
-2.3971399341995596,-6.810838533771116,Wall
-2.434351261146272,-6.695195140860567,Wall
-2.4705668471339,-6.582646259014713,Wall
-2.3589572285174762,-6.9295007261165855,Wall
-2.3971399341995596,-6.810838533771116,Wall
-2.434351261146272,-6.695195140860567,Wall
-2.4705668471339,-6.582646259014713,Wall
-2.3589572285174762,-6.9295007261165855,Wall
-5.607606883279401,4.485702385807347,EmptySpace
-2.4069275025708396,-5.46119963502125,Wall
-2.330513880504019,-5.69867384638291,Wall
-2.479640927209718,-5.23522470143646,Wall
-2.2909894618732274,-5.821505743235903,Wall
-2.369167095596975,-5.578549429786541,Wall
-2.5145056583687073,-5.126873934748849,Wall
-2.4437651475550726,-5.346717551140948,Wall
-2.5809482341234125,-4.920387213514928,Wall
-2.250607777853464,-5.947001804103994,Wall
-2.548299003196241,-5.021852765811541,Wall
-2.4069275025708396,-5.46119963502125,Wall
-2.330513880504019,-5.69867384638291,Wall
-2.479640927209718,-5.23522470143646,Wall
-2.2909894618732274,-5.821505743235903,Wall
-2.369167095596975,-5.578549429786541,Wall
-2.5145056583687073,-5.126873934748849,Wall
-2.4437651475550726,-5.346717551140948,Wall
-2.5809482341234125,-4.920387213514928,Wall
-2.250607777853464,-5.947001804103994,Wall
-2.548299003196241,-5.021852765811541,Wall
-5.162688770397834,4.713842414802489,EmptySpace
-4.717770657516266,4.941982443797631,EmptySpace
-4.2728525446346985,5.170122472792773,EmptySpace
-3.8279344317531305,5.398262501787915,EmptySpace
-3.3830163188715625,5.626402530783057,EmptySpace
-8.477956974643629,-1.4625611120091317,Wall
-8.49933911406033,-1.4923116467397755,Wall
-8.477956974643629,-1.4625611120091317,Wall
-8.49933911406033,-1.4923116467397755,Wall
-2.9380982059899945,5.854542559778199,EmptySpace
-7.647982800800865,-0.6986644175269703,Wall
-7.622225936809949,-0.6628270084735233,Wall
-7.601791999389613,-0.6343957765439141,Wall
-7.647982800800865,-0.6986644175269703,Wall
-7.622225936809949,-0.6628270084735233,Wall
-7.601791999389613,-0.6343957765439141,Wall
-2.4931800931084265,6.082682588773341,EmptySpace
-6.71372159609142,0.21033445187279476,Wall
-6.801918358967384,0.08761984385643729,Wall
-6.745744016041708,0.16577931647104371,Wall
-6.726315466658622,0.1928116784776268,Wall
-6.7711859273533594,0.13038012411987854,Wall
-6.71372159609142,0.21033445187279476,Wall
-6.801918358967384,0.08761984385643729,Wall
-6.745744016041708,0.16577931647104371,Wall
-6.726315466658622,0.1928116784776268,Wall
-6.7711859273533594,0.13038012411987854,Wall
-2.0482619802268585,6.310822617768483,EmptySpace
-5.869866121269438,0.9935452158613103,Wall
-5.8410585504633445,1.0336272964740063,Wall
-5.9627730079657955,0.8642770680155945,Wall
-5.89508589079938,0.9584551056212991,Wall
-5.851526700913281,1.0190621929800514,Wall
-5.926311005630048,0.9150093191574591,Wall
-5.869866121269438,0.9935452158613103,Wall
-5.8410585504633445,1.0336272964740063,Wall
-5.9627730079657955,0.8642770680155945,Wall
-5.89508589079938,0.9584551056212991,Wall
-5.851526700913281,1.0190621929800514,Wall
-5.926311005630048,0.9150093191574591,Wall
-1.6033438673452904,6.5389626467636255,EmptySpace
-4.972146571857293,1.8517010071269793,Wall
-4.9945662606354375,1.820506854070274,Wall
-4.969514377402277,1.8553633718242457,Wall
-4.977438524502897,1.844337926290784,Wall
-5.051720679636901,1.7409837299162616,Wall
-5.019685674916972,1.7855563754286248,Wall
-5.089723590701212,1.6881074997387895,Wall
-4.972146571857293,1.8517010071269793,Wall
-4.9945662606354375,1.820506854070274,Wall
-4.969514377402277,1.8553633718242457,Wall
-4.977438524502897,1.844337926290784,Wall
-5.051720679636901,1.7409837299162616,Wall
-5.019685674916972,1.7855563754286248,Wall
-5.089723590701212,1.6881074997387895,Wall
-1.1584257544637224,6.767102675758768,EmptySpace
-4.107162231611806,2.6643099072117398,Wall
-4.708568999290309,1.827528676841152,Wall
-4.178299012861659,2.5653320996146745,Wall
-4.0993141052119215,2.675229579583152,Wall
-4.104085948669693,2.6685901647073544,Wall
-4.766357858208329,1.747122810020274,Wall
-4.145007568813654,2.6116529210760575,Wall
-4.733907192760114,1.7922737947105842,Wall
-4.119819554076367,2.6466988485501,Wall
-4.107162231611806,2.6643099072117398,Wall
-4.708568999290309,1.827528676841152,Wall
-4.178299012861659,2.5653320996146745,Wall
-4.0993141052119215,2.675229579583152,Wall
-4.104085948669693,2.6685901647073544,Wall
-4.766357858208329,1.747122810020274,Wall
-4.145007568813654,2.6116529210760575,Wall
-4.733907192760114,1.7922737947105842,Wall
-4.119819554076367,2.6466988485501,Wall
-0.7135076415821544,6.99524270475391,EmptySpace
-3.306318350981792,3.3876754937888243,Wall
-3.2456021022192325,3.47215445224674,Wall
-3.8894650949133593,2.5763007702264957,Wall
-3.8566632043840516,2.6219404400651776,Wall
-3.230848184509777,3.4926826572441003,Wall
-3.271108326984741,3.4366657758825245,Wall
-3.245568850081627,3.472200718378272,Wall
-3.8321662727522767,2.65602481305996,Wall
-3.2315437581266453,3.4917148547878973,Wall
-3.9294665050832065,2.5206438820479837,Wall
-3.306318350981792,3.3876754937888243,Wall
-3.2456021022192325,3.47215445224674,Wall
-3.8894650949133593,2.5763007702264957,Wall
-3.8566632043840516,2.6219404400651776,Wall
-3.230848184509777,3.4926826572441003,Wall
-3.271108326984741,3.4366657758825245,Wall
-3.245568850081627,3.472200718378272,Wall
-3.8321662727522767,2.65602481305996,Wall
-3.2315437581266453,3.4917148547878973,Wall
-3.9294665050832065,2.5206438820479837,Wall
-5.17477181537564,3.84061708817872,Wall
-5.152733264230222,3.8562008723455334,Wall
-5.146188323962006,3.8608288960232957,Wall
-5.17477181537564,3.84061708817872,Wall
-5.152733264230222,3.8562008723455334,Wall
-5.146188323962006,3.8608288960232957,Wall
-0.23699773599147456,7.146696690749529,EmptySpace
-4.154384373533108,4.376654891967174,Wall
-4.186308739379774,4.354080702596277,Wall
-4.142283150582221,4.385211844979954,Wall
-4.1387575859336305,4.387704823678384,Wall
-4.154384373533108,4.376654891967174,Wall
-4.186308739379774,4.354080702596277,Wall
-4.142283150582221,4.385211844979954,Wall
-4.1387575859336305,4.387704823678384,Wall
0.2395121695992053,7.2981506767451485,EmptySpace
-3.1474179862300478,4.903202470383999,Wall
-3.163292910400443,4.8919770776481695,Wall
-3.129755177386781,4.915692102709507,Wall
-3.136242846641591,4.911104576208989,Wall
-3.1474179862300478,4.903202470383999,Wall
-3.163292910400443,4.8919770776481695,Wall
-3.129755177386781,4.915692102709507,Wall
-3.136242846641591,4.911104576208989,Wall
0.7160220751898851,7.449604662740768,EmptySpace
-2.1287841875307616,5.438000247272789,Wall
-2.183325638041511,5.3994331841616,Wall
-2.1669512367504797,5.411011764527274,Wall
-2.121732552732728,5.442986562116747,Wall
-2.141360300535539,5.429107492507253,Wall
-2.1287841875307616,5.438000247272789,Wall
-2.183325638041511,5.3994331841616,Wall
-2.1669512367504797,5.411011764527274,Wall
-2.121732552732728,5.442986562116747,Wall
-2.141360300535539,5.429107492507253,Wall
1.192531980780565,7.601058648736387,EmptySpace
-1.1213221174516246,5.9648983302825265,Wall
-1.210719035791826,5.901684452410085,Wall
-1.2214527576210399,5.894094479585221,Wall
-1.1591623575454801,5.938140939084164,Wall
-1.1136214478602313,5.97034358718986,Wall
-1.1417256679229189,5.9504706791777275,Wall
-1.1213221174516246,5.9648983302825265,Wall
-1.210719035791826,5.901684452410085,Wall
-1.2214527576210399,5.894094479585221,Wall
-1.1591623575454801,5.938140939084164,Wall
-1.1136214478602313,5.97034358718986,Wall
-1.1417256679229189,5.9504706791777275,Wall
1.6690418863712448,7.752512634732007,EmptySpace
-0.9210208648383236,5.921041108903206,Wall
-0.18092863178588936,6.444371229260168,Wall
-0.1180768143323534,6.488814675257367,Wall
-0.19997351995916124,6.430904308280878,Wall
-0.13516731277807792,6.476729732044718,Wall
-0.10509417732759707,6.49799488913183,Wall
-0.9210208648383236,5.921041108903206,Wall
-0.18092863178588936,6.444371229260168,Wall
-0.1180768143323534,6.488814675257367,Wall
-0.19997351995916124,6.430904308280878,Wall
-0.13516731277807792,6.476729732044718,Wall
-0.10509417732759707,6.49799488913183,Wall
2.1455517919619247,7.903966620727626,EmptySpace
0.9019125528809793,7.024570994611441,Wall
0.041997409049261414,6.4165123289203185,Wall
0.8488420196445481,6.9870440387731385,Wall
0.8201833648958288,6.966779081827085,Wall
0.08515877949071937,6.447032369773522,Wall
0.08079592125327739,6.443947328444168,Wall
0.8883453329147308,7.014977413513363,Wall
0.7251039920001616,6.899547056629722,Wall
0.9019125528809793,7.024570994611441,Wall
0.041997409049261414,6.4165123289203185,Wall
0.8488420196445481,6.9870440387731385,Wall
0.8201833648958288,6.966779081827085,Wall
0.08515877949071937,6.447032369773522,Wall
0.08079592125327739,6.443947328444168,Wall
0.8883453329147308,7.014977413513363,Wall
0.7251039920001616,6.899547056629722,Wall
2.6220616975526045,8.055420606723246,EmptySpace
1.069006978196138,6.95723273647683,Wall
1.9098154688769684,7.5517808062631255,Wall
1.0728228942501907,6.959931026931255,Wall
1.736406344077182,7.429160659611704,Wall
1.0962564043216265,6.976501207103922,Wall
1.5086904139287909,7.268139370899826,Wall
1.8785488224962408,7.529671700015519,Wall
1.000241501381352,6.908607654830639,Wall
1.8363317433754847,7.499819381465624,Wall
1.069006978196138,6.95723273647683,Wall
1.9098154688769684,7.5517808062631255,Wall
1.0728228942501907,6.959931026931255,Wall
1.736406344077182,7.429160659611704,Wall
1.0962564043216265,6.976501207103922,Wall
1.5086904139287909,7.268139370899826,Wall
1.8785488224962408,7.529671700015519,Wall
1.000241501381352,6.908607654830639,Wall
1.8363317433754847,7.499819381465624,Wall
3.0985716031432844,8.206874592718865,EmptySpace
2.8233232602835843,8.012242434774551,Wall
2.6882048405265992,7.916698209722732,Wall
2.0952397984184756,7.497403893426442,Wall
2.014356780576054,7.4402103200150185,Wall
1.6799155644349875,7.203722009397884,Wall
2.3868092289680396,7.703576932903676,Wall
2.0946471397296795,7.496984815737085,Wall
2.0239965604999215,7.447026750403655,Wall
2.0523554026219455,7.467079705424805,Wall
2.90763600325616,8.071861217349097,Wall
2.8233232602835843,8.012242434774551,Wall
2.6882048405265992,7.916698209722732,Wall
2.0952397984184756,7.497403893426442,Wall
2.014356780576054,7.4402103200150185,Wall
1.6799155644349875,7.203722009397884,Wall
2.3868092289680396,7.703576932903676,Wall
2.0946471397296795,7.496984815737085,Wall
2.0239965604999215,7.447026750403655,Wall
2.0523554026219455,7.467079705424805,Wall
2.90763600325616,8.071861217349097,Wall
2.631129395333483,7.915081316749081,Wall
2.3686894944452215,7.751257431900988,Wall
2.0403923857677433,7.546323244889386,Wall
1.8738391465929112,7.442355065571745,Wall
2.744655336637766,7.985948058706215,Wall
1.8950816949596927,7.455615384546646,Wall
2.632541318867967,7.915962687294279,Wall
2.4160368436257276,7.7808132526956015,Wall
2.631129395333483,7.915081316749081,Wall
2.3686894944452215,7.751257431900988,Wall
2.0403923857677433,7.546323244889386,Wall
1.8738391465929112,7.442355065571745,Wall
2.744655336637766,7.985948058706215,Wall
1.8950816949596927,7.455615384546646,Wall
2.632541318867967,7.915962687294279,Wall
2.4160368436257276,7.7808132526956015,Wall
3.5792339392815142,8.344583410948271,EmptySpace
3.0662941488997797,8.024389001222136,Wall
2.914873394666442,7.929867032111595,Wall
2.730632817890873,7.8148578169279705,Wall
3.3358254341671816,8.192639568651687,Wall
2.8296864356472717,7.876690443804401,Wall
2.6684845865438023,7.776062783622231,Wall
3.338928137623685,8.19457638135454,Wall
2.876862233854312,7.9061391766644915,Wall
3.09791567412063,8.044128229475797,Wall
3.0662941488997797,8.024389001222136,Wall
2.914873394666442,7.929867032111595,Wall
2.730632817890873,7.8148578169279705,Wall
3.3358254341671816,8.192639568651687,Wall
2.8296864356472717,7.876690443804401,Wall
2.6684845865438023,7.776062783622231,Wall
3.338928137623685,8.19457638135454,Wall
2.876862233854312,7.9061391766644915,Wall
3.09791567412063,8.044128229475797,Wall
4.059896275419744,8.482292229177677,EmptySpace
3.3317292451983107,8.027745678499148,Wall
3.0784113144184295,7.869616036697044,Wall
2.8024605953444057,7.697358241017647,Wall
3.8995936119929606,8.382225871184145,Wall
3.265843385126444,7.986617490609279,Wall
3.834632008241265,8.341674635428662,Wall
3.572966500691596,8.178334153160357,Wall
3.272111318327148,7.990530147043885,Wall
3.623114518898908,8.209638246525538,Wall
3.3317292451983107,8.027745678499148,Wall
3.0784113144184295,7.869616036697044,Wall
2.8024605953444057,7.697358241017647,Wall
3.8995936119929606,8.382225871184145,Wall
3.265843385126444,7.986617490609279,Wall
3.834632008241265,8.341674635428662,Wall
3.572966500691596,8.178334153160357,Wall
3.272111318327148,7.990530147043885,Wall
3.623114518898908,8.209638246525538,Wall
4.540558611557974,8.620001047407083,EmptySpace
3.2619006492097986,7.821819391055168,Wall
3.8013664198194164,8.158572217072528,Wall
3.0024167329295732,7.659840732029828,Wall
4.118982800746278,8.356839131664087,Wall
3.815433087206937,8.167353107823095,Wall
4.033942256274657,8.303753940282043,Wall
3.1839062287020687,7.773132629168711,Wall
3.2620339686061746,7.82190261354293,Wall
4.01473056972451,8.291761354114787,Wall
3.2619006492097986,7.821819391055168,Wall
3.8013664198194164,8.158572217072528,Wall
3.0024167329295732,7.659840732029828,Wall
4.118982800746278,8.356839131664087,Wall
3.815433087206937,8.167353107823095,Wall
4.033942256274657,8.303753940282043,Wall
3.1839062287020687,7.773132629168711,Wall
3.2620339686061746,7.82190261354293,Wall
4.01473056972451,8.291761354114787,Wall
5.021220947696204,8.757709865636489,EmptySpace
3.294644755105918,7.679922462124244,Wall
3.8262562110407456,8.011772358600446,Wall
3.7526384370216146,7.96581764785386,Wall
3.5228439642564355,7.8223721461691165,Wall
3.9539386866698836,8.091476089297608,Wall
3.9635686646777697,8.097487448099809,Wall
4.048676040212555,8.150614357697561,Wall
4.04684233870267,8.14946969903863,Wall
3.294644755105918,7.679922462124244,Wall
3.8262562110407456,8.011772358600446,Wall
3.7526384370216146,7.96581764785386,Wall
3.5228439642564355,7.8223721461691165,Wall
3.9539386866698836,8.091476089297608,Wall
3.9635686646777697,8.097487448099809,Wall
4.048676040212555,8.150614357697561,Wall
4.04684233870267,8.14946969903863,Wall
5.501883283834434,8.895418683865895,EmptySpace
3.896534830490249,7.8933057457357405,Wall
3.6348167619296694,7.729932453102206,Wall
3.881396319030648,7.883855773571694,Wall
3.999109615005718,7.957336404297584,Wall
3.397158940207115,7.581578382370784,Wall
3.6525271148447658,7.740987855907807,Wall
3.167755794263093,7.4383771601567705,Wall
3.7862196533780645,7.824443271656701,Wall
3.9719292086708613,7.940369473040351,Wall
3.896534830490249,7.8933057457357405,Wall
3.6348167619296694,7.729932453102206,Wall
3.881396319030648,7.883855773571694,Wall
3.999109615005718,7.957336404297584,Wall
3.397158940207115,7.581578382370784,Wall
3.6525271148447658,7.740987855907807,Wall
3.167755794263093,7.4383771601567705,Wall
3.7862196533780645,7.824443271656701,Wall
3.9719292086708613,7.940369473040351,Wall
5.982545619972663,9.0331275020953,EmptySpace
3.6095707095742378,7.551836101082148,Wall
3.8256865508122107,7.686742937157706,Wall
3.730326727607273,7.627216102088097,Wall
3.896457520299525,7.730920575987154,Wall
3.378961260571629,7.407881863596092,Wall
3.8494170071040226,7.701556292618458,Wall
3.156841409160382,7.269227120788653,Wall
3.6095707095742378,7.551836101082148,Wall
3.8256865508122107,7.686742937157706,Wall
3.730326727607273,7.627216102088097,Wall
3.896457520299525,7.730920575987154,Wall
3.378961260571629,7.407881863596092,Wall
3.8494170071040226,7.701556292618458,Wall
3.156841409160382,7.269227120788653,Wall
6.463207956110893,9.170836320324707,EmptySpace
3.731902138868409,7.465862617109619,Wall
3.0738947595635575,7.055112099480327,Wall
3.5041324512519667,7.323681054970372,Wall
3.6676927154762557,7.425780917839212,Wall
3.7533517764456996,7.479252208191623,Wall
3.568389132934405,7.363792254467991,Wall
3.284994372193099,7.1868876355701055,Wall
3.731902138868409,7.465862617109619,Wall
3.0738947595635575,7.055112099480327,Wall
3.5041324512519667,7.323681054970372,Wall
3.6676927154762557,7.425780917839212,Wall
3.7533517764456996,7.479252208191623,Wall
3.568389132934405,7.363792254467991,Wall
3.284994372193099,7.1868876355701055,Wall
6.943870292249123,9.308545138554113,EmptySpace
3.345805806427422,7.062511284684321,Wall
2.9393637081670336,6.808796345464096,Wall
3.1387301095556372,6.933247613251959,Wall
3.601603358362864,7.22218879008979,Wall
3.561133346806416,7.196926036634295,Wall
3.345805806427422,7.062511284684321,Wall
2.9393637081670336,6.808796345464096,Wall
3.1387301095556372,6.933247613251959,Wall
3.601603358362864,7.22218879008979,Wall
3.561133346806416,7.196926036634295,Wall
7.424532628387353,9.446253956783519,EmptySpace
2.951865876809146,6.654263712943212,Wall
2.764153933633292,6.5370875531467405,Wall
3.3504951198580626,6.903101603025075,Wall
3.45176855715742,6.966319916529028,Wall
3.1471264722880914,6.776151997464141,Wall
2.951865876809146,6.654263712943212,Wall
2.764153933633292,6.5370875531467405,Wall
3.3504951198580626,6.903101603025075,Wall
3.45176855715742,6.966319916529028,Wall
3.1471264722880914,6.776151997464141,Wall
7.905194964525583,9.583962775012925,EmptySpace
-2.4906923122633184,3.094497436998089,Wall
-2.076908715907292,3.3527951882623723,Wall
-1.8723812957722163,3.4804681389496697,Wall
2.9137575273835763,6.468138278962033,Wall
2.730100972971587,6.353493630340566,Wall
-2.2829258598087954,3.2241923014870766,Wall
2.553926802031043,6.243519739191825,Wall
-2.4906923122633184,3.094497436998089,Wall
-2.076908715907292,3.3527951882623723,Wall
-1.8723812957722163,3.4804681389496697,Wall
2.9137575273835763,6.468138278962033,Wall
2.730100972971587,6.353493630340566,Wall
-2.2829258598087954,3.2241923014870766,Wall
2.553926802031043,6.243519739191825,Wall
8.385857300663812,9.72167159324233,EmptySpace
2.6479448659561715,6.139872092516976,Wall
-1.6777215620094719,3.4396444351074216,Wall
-2.2719152063033086,3.0687286146441766,Wall
2.4759496039829134,6.032506818042492,Wall
-2.4733305955334632,2.9429982991693064,Wall
-1.874368948528863,3.316890468596256,Wall
-2.0723488191050006,3.1933047203555,Wall
-2.676867324066505,2.815943771771998,Wall
2.6479448659561715,6.139872092516976,Wall
-1.6777215620094719,3.4396444351074216,Wall
-2.2719152063033086,3.0687286146441766,Wall
2.4759496039829134,6.032506818042492,Wall
-2.4733305955334632,2.9429982991693064,Wall
-1.874368948528863,3.316890468596256,Wall
-2.0723488191050006,3.1933047203555,Wall
-2.676867324066505,2.815943771771998,Wall
8.86651963680204,9.859380411471736,EmptySpace
-2.0735556136103135,3.0302144881996176,Wall
-2.1598953855677436,2.9763182749672135,Wall
-1.9523101740737232,3.1059000027032067,Wall
-2.2659757912066976,2.9100992888328063,Wall
-2.460366659840254,2.7887539172991405,Wall
-2.0735556136103135,3.0302144881996176,Wall
-2.1598953855677436,2.9763182749672135,Wall
-1.9523101740737232,3.1059000027032067,Wall
-2.2659757912066976,2.9100992888328063,Wall
-2.460366659840254,2.7887539172991405,Wall
9.34718197294027,9.997089229701142,EmptySpace
-2.5638318680730094,2.561830515954683,Wall
-2.156434882672677,2.8161415281056152,Wall
-2.3590776127040662,2.6896450648864043,Wall
-1.9556285997445304,2.9414916187734255,Wall
-2.5638318680730094,2.561830515954683,Wall
-2.156434882672677,2.8161415281056152,Wall
-2.3590776127040662,2.6896450648864043,Wall
-1.9556285997445304,2.9414916187734255,Wall
9.827844309078499,10.134798047930548,EmptySpace
-2.3512368424352523,2.5322026294439617,Wall
-1.9623453928346066,2.774961858669969,Wall
-1.770590960690459,2.8946614771516472,Wall
-2.155806029014453,2.6541971697758813,Wall
-2.3512368424352523,2.5322026294439617,Wall
-1.9623453928346066,2.774961858669969,Wall
-1.770590960690459,2.8946614771516472,Wall
-2.155806029014453,2.6541971697758813,Wall
10.308506645216728,10.272506866159954,EmptySpace
-2.1551295819408214,2.492282520869825,Wall
-1.9694431765882747,2.6081942712758117,Wall
-1.7856007955707813,2.722954919165372,Wall
-2.1551295819408214,2.492282520869825,Wall
-1.9694431765882747,2.6081942712758117,Wall
-1.7856007955707813,2.722954919165372,Wall
10.789168981354957,10.41021568438936,EmptySpace
-1.7988031623125966,2.5523766440781044,Wall
-1.9744073843853034,2.44275853433828,Wall
-1.7988031623125966,2.5523766440781044,Wall
-1.9744073843853034,2.44275853433828,Wall
11.269831317493185,10.547924502618766,EmptySpace
11.750493653631414,10.685633320848172,EmptySpace
12.231155989769643,10.823342139077578,EmptySpace
12.711818325907872,10.961050957306984,EmptySpace
13.192480662046101,11.09875977553639,EmptySpace
13.67314299818433,11.236468593765796,EmptySpace
14.15380533432256,11.374177411995202,EmptySpace
14.634467670460788,11.511886230224608,EmptySpace
15.115130006599017,11.649595048454014,EmptySpace
15.595792342737246,11.78730386668342,EmptySpace
16.076454678875475,11.925012684912826,EmptySpace
16.557117015013706,12.062721503142232,EmptySpace
17.037779351151936,12.200430321371638,EmptySpace
17.518441687290167,12.338139139601044,EmptySpace
17.999104023428398,12.47584795783045,EmptySpace
18.47976635956663,12.613556776059855,EmptySpace
18.96042869570486,12.751265594289261,EmptySpace
19.44109103184309,12.888974412518667,EmptySpace
19.92175336798132,13.026683230748073,EmptySpace
20.40241570411955,13.16439204897748,EmptySpace
20.883078040257782,13.302100867206885,EmptySpace
21.363740376396013,13.439809685436291,EmptySpace
21.844402712534244,13.577518503665697,EmptySpace
22.325065048672474,13.715227321895103,EmptySpace
22.805727384810705,13.852936140124509,EmptySpace
23.286389720948936,13.990644958353915,EmptySpace
23.767052057087167,14.128353776583321,EmptySpace
24.247714393225397,14.266062594812727,EmptySpace
24.728376729363628,14.403771413042133,EmptySpace
25.20903906550186,14.541480231271539,EmptySpace
25.68970140164009,14.679189049500945,EmptySpace
26.17036373777832,14.81689786773035,EmptySpace
26.65102607391655,14.954606685959757,EmptySpace
27.13168841005478,15.092315504189163,EmptySpace
27.612350746193012,15.230024322418569,EmptySpace
28.093013082331243,15.367733140647974,EmptySpace
28.573675418469474,15.50544195887738,EmptySpace
29.054337754607705,15.643150777106786,EmptySpace
29.535000090745935,15.780859595336192,EmptySpace
30.015662426884166,15.918568413565598,EmptySpace
30.496324763022397,16.056277231795004,EmptySpace
30.976987099160628,16.19398605002441,EmptySpace
31.45764943529886,16.331694868253816,EmptySpace
31.93831177143709,16.469403686483222,EmptySpace
32.418974107575316,16.607112504712628,EmptySpace
32.89963644371355,16.744821322942034,EmptySpace
33.38029877985178,16.88253014117144,EmptySpace
33.86096111599001,17.020238959400846,EmptySpace
34.34162345212824,17.157947777630252,EmptySpace
34.82228578826647,17.295656595859658,EmptySpace
35.3029481244047,17.433365414089064,EmptySpace
35.78361046054293,17.57107423231847,EmptySpace
36.26427279668116,17.708783050547876,EmptySpace
36.74493513281939,17.84649186877728,EmptySpace
37.22559746895762,17.984200687006688,EmptySpace
37.706259805095854,18.121909505236093,EmptySpace
38.186922141234085,18.2596183234655,EmptySpace
38.667584477372316,18.397327141694905,EmptySpace
39.148246813510546,18.53503595992431,EmptySpace
39.62890914964878,18.672744778153717,EmptySpace
40.10957148578701,18.810453596383123,EmptySpace
40.59023382192524,18.94816241461253,EmptySpace
41.07089615806347,19.085871232841935,EmptySpace
41.5515584942017,19.22358005107134,EmptySpace
42.03222083033993,19.361288869300747,EmptySpace
42.51288316647816,19.498997687530153,EmptySpace
42.99354550261639,19.63670650575956,EmptySpace
43.47420783875462,19.774415323988965,EmptySpace
43.954870174892854,19.91212414221837,EmptySpace
44.435532511031084,20.049832960447777,EmptySpace
44.916194847169315,20.187541778677183,EmptySpace
45.396857183307546,20.32525059690659,EmptySpace
45.87751951944578,20.462959415135995,EmptySpace
46.35818185558401,20.6006682333654,EmptySpace
46.83884419172224,20.738377051594806,EmptySpace
47.31950652786047,20.876085869824212,EmptySpace
47.8001688639987,21.01379468805362,EmptySpace
48.28083120013693,21.151503506283024,EmptySpace
48.76149353627516,21.28921232451243,EmptySpace
49.24215587241339,21.426921142741836,EmptySpace
49.72281820855162,21.564629960971242,EmptySpace
50.20348054468985,21.702338779200648,EmptySpace
50.684142880828084,21.840047597430054,EmptySpace
51.164805216966315,21.97775641565946,EmptySpace
51.645467553104545,22.115465233888866,EmptySpace
52.126129889242776,22.253174052118272,EmptySpace
52.60679222538101,22.390882870347678,EmptySpace
53.08745456151924,22.528591688577084,EmptySpace
53.56811689765747,22.66630050680649,EmptySpace
54.0487792337957,22.804009325035896,EmptySpace
54.52944156993393,22.9417181432653,EmptySpace
55.01010390607216,23.079426961494708,EmptySpace
55.49076624221039,23.217135779724114,EmptySpace
55.97142857834862,23.35484459795352,EmptySpace
56.45209091448685,23.492553416182925,EmptySpace
56.93275325062508,23.63026223441233,EmptySpace
57.413415586763314,23.767971052641737,EmptySpace
57.894077922901545,23.905679870871143,EmptySpace
58.374740259039775,24.04338868910055,EmptySpace
58.855402595178006,24.181097507329955,EmptySpace
59.33606493131624,24.31880632555936,EmptySpace
59.81672726745447,24.456515143788767,EmptySpace
60.2973896035927,24.594223962018173,EmptySpace
60.77805193973093,24.73193278024758,EmptySpace
61.25871427586916,24.869641598476985,EmptySpace
61.73937661200739,25.00735041670639,EmptySpace
62.22003894814562,25.145059234935797,EmptySpace
62.70070128428385,25.282768053165203,EmptySpace
63.18136362042208,25.42047687139461,EmptySpace
4.287381730149718,-11.343143579542751,Wall
3.866818597979041,-11.605673346940495,Wall
4.078134830915452,-11.473762589110091,Wall
4.287381730149718,-11.343143579542751,Wall
3.866818597979041,-11.605673346940495,Wall
4.078134830915452,-11.473762589110091,Wall
63.66202595656031,25.558185689624015,EmptySpace
4.027904455511127,-11.667455002736322,Wall
4.228658118259126,-11.54213775936918,Wall
4.027904455511127,-11.667455002736322,Wall
4.228658118259126,-11.54213775936918,Wall
64.14268829269854,25.69589450785342,EmptySpace
4.246507480504853,-11.69333249233205,Wall
4.186069921431205,-11.73105966599989,Wall
4.246507480504853,-11.69333249233205,Wall
4.186069921431205,-11.73105966599989,Wall
64.62335062883676,25.833603326082827,EmptySpace
4.197745611395092,-11.886108214535643,Wall
4.197745611395092,-11.886108214535643,Wall
65.10401296497498,25.971312144312233,EmptySpace
4.1223293492404025,-12.095522512665038,Wall
4.1223293492404025,-12.095522512665038,Wall
65.58467530111321,26.10902096254164,EmptySpace
66.06533763725143,26.246729780771044,EmptySpace
66.54599997338966,26.38443859900045,EmptySpace
67.02666230952788,26.522147417229856,EmptySpace
67.5073246456661,26.659856235459262,EmptySpace
67.98798698180433,26.79756505368867,EmptySpace
68.46864931794255,26.935273871918074,EmptySpace
68.94931165408077,27.07298269014748,EmptySpace
69.429973990219,27.210691508376886,EmptySpace
69.91063632635722,27.348400326606292,EmptySpace
70.39129866249544,27.486109144835698,EmptySpace
70.87196099863367,27.623817963065104,EmptySpace
71.35262333477189,27.76152678129451,EmptySpace
71.83328567091012,27.899235599523916,EmptySpace
72.31394800704834,28.036944417753322,EmptySpace
72.79461034318656,28.174653235982728,EmptySpace
73.27527267932479,28.312362054212134,EmptySpace
73.75593501546301,28.45007087244154,EmptySpace
74.23659735160123,28.587779690670946,EmptySpace
74.71725968773946,28.72548850890035,EmptySpace
75.19792202387768,28.863197327129757,EmptySpace
75.6785843600159,29.000906145359163,EmptySpace
76.15924669615413,29.13861496358857,EmptySpace
76.63990903229235,29.276323781817975,EmptySpace
77.12057136843057,29.41403260004738,EmptySpace
77.6012337045688,29.551741418276787,EmptySpace
78.08189604070702,29.689450236506193,EmptySpace
78.56255837684525,29.8271590547356,EmptySpace
79.04322071298347,29.964867872965005,EmptySpace
79.5238830491217,30.10257669119441,EmptySpace
80.00454538525992,30.240285509423817,EmptySpace
80.48520772139814,30.377994327653223,EmptySpace
80.96587005753636,30.51570314588263,EmptySpace
81.44653239367459,30.653411964112035,EmptySpace
81.92719472981281,30.79112078234144,EmptySpace
82.40785706595103,30.928829600570847,EmptySpace
82.88851940208926,31.066538418800253,EmptySpace
83.36918173822748,31.20424723702966,EmptySpace
83.8498440743657,31.341956055259065,EmptySpace
84.33050641050393,31.47966487348847,EmptySpace
84.81116874664215,31.617373691717876,EmptySpace
85.29183108278038,31.755082509947282,EmptySpace
85.7724934189186,31.89279132817669,EmptySpace
86.25315575505682,32.03050014640609,EmptySpace
86.73381809119505,32.1682089646355,EmptySpace
87.21448042733327,32.3059177828649,EmptySpace
87.6951427634715,32.44362660109431,EmptySpace
88.17580509960972,32.581335419323715,EmptySpace
88.65646743574794,32.71904423755312,EmptySpace
89.13712977188617,32.85675305578253,EmptySpace
89.61779210802439,32.99446187401193,EmptySpace
90.09845444416261,33.13217069224134,EmptySpace
90.57911678030084,33.269879510470744,EmptySpace
91.05977911643906,33.40758832870015,EmptySpace
91.54044145257728,33.545297146929556,EmptySpace
92.02110378871551,33.68300596515896,EmptySpace
92.50176612485373,33.82071478338837,EmptySpace
92.98242846099195,33.958423601617774,EmptySpace
93.46309079713018,34.09613241984718,EmptySpace
93.9437531332684,34.233841238076586,EmptySpace
94.42441546940663,34.37155005630599,EmptySpace
94.90507780554485,34.5092588745354,EmptySpace
95.38574014168307,34.646967692764804,EmptySpace
95.8664024778213,34.78467651099421,EmptySpace
96.34706481395952,34.922385329223616,EmptySpace
96.82772715009774,35.06009414745302,EmptySpace
97.30838948623597,35.19780296568243,EmptySpace
97.78905182237419,35.335511783911834,EmptySpace
98.26971415851241,35.47322060214124,EmptySpace
98.75037649465064,35.610929420370645,EmptySpace
99.23103883078886,35.74863823860005,EmptySpace
99.71170116692709,35.88634705682946,EmptySpace
100.19236350306531,36.02405587505886,EmptySpace
100.67302583920353,36.16176469328827,EmptySpace
101.15368817534176,36.299473511517675,EmptySpace
101.63435051147998,36.43718232974708,EmptySpace
102.1150128476182,36.57489114797649,EmptySpace
102.59567518375643,36.71259996620589,EmptySpace
103.07633751989465,36.8503087844353,EmptySpace
103.55699985603287,36.988017602664705,EmptySpace
104.0376621921711,37.12572642089411,EmptySpace
104.51832452830932,37.26343523912352,EmptySpace
104.99898686444755,37.40114405735292,EmptySpace
105.47964920058577,37.53885287558233,EmptySpace
105.96031153672399,37.676561693811735,EmptySpace
106.44097387286222,37.81427051204114,EmptySpace
106.92163620900044,37.95197933027055,EmptySpace
107.40229854513866,38.08968814849995,EmptySpace
107.88296088127689,38.22739696672936,EmptySpace
108.36362321741511,38.365105784958764,EmptySpace
108.84428555355333,38.50281460318817,EmptySpace
109.32494788969156,38.640523421417576,EmptySpace
109.80561022582978,38.77823223964698,EmptySpace
110.286272561968,38.91594105787639,EmptySpace
110.76693489810623,39.053649876105794,EmptySpace
111.24759723424445,39.1913586943352,EmptySpace
111.72825957038268,39.329067512564606,EmptySpace
112.2089219065209,39.46677633079401,EmptySpace
112.68958424265912,39.60448514902342,EmptySpace
113.17024657879735,39.742193967252824,EmptySpace
113.65090891493557,39.87990278548223,EmptySpace
114.1315712510738,40.017611603711636,EmptySpace
114.61223358721202,40.15532042194104,EmptySpace
115.09289592335024,40.29302924017045,EmptySpace
115.57355825948846,40.430738058399854,EmptySpace
116.05422059562669,40.56844687662926,EmptySpace
116.53488293176491,40.706155694858666,EmptySpace
117.01554526790314,40.84386451308807,EmptySpace
117.49620760404136,40.98157333131748,EmptySpace
117.97686994017958,41.11928214954688,EmptySpace
118.4575322763178,41.25699096777629,EmptySpace
118.93819461245603,41.394699786005695,EmptySpace
119.41885694859425,41.5324086042351,EmptySpace
119.89951928473248,41.67011742246451,EmptySpace
120.3801816208707,41.80782624069391,EmptySpace
120.86084395700892,41.94553505892332,EmptySpace
121.34150629314715,42.083243877152725,EmptySpace
121.82216862928537,42.22095269538213,EmptySpace
122.3028309654236,42.35866151361154,EmptySpace
122.78349330156182,42.49637033184094,EmptySpace
123.26415563770004,42.63407915007035,EmptySpace
123.74481797383827,42.771787968299755,EmptySpace
124.22548030997649,42.90949678652916,EmptySpace
124.70614264611471,43.04720560475857,EmptySpace
125.18680498225294,43.18491442298797,EmptySpace
125.66746731839116,43.32262324121738,EmptySpace
126.14812965452938,43.460332059446785,EmptySpace
126.62879199066761,43.59804087767619,EmptySpace
127.10945432680583,43.7357496959056,EmptySpace
11.387895246553697,-28.50157132517164,Wall
14.908636763835503,-26.303805090102642,Wall
14.4871833402201,-26.566890607607846,Wall
14.072224431579926,-26.825922028651945,Wall
11.60090046945298,-28.36860624253677,Wall
12.640303546944821,-27.71977559787699,Wall
12.22855331309097,-27.976804055320926,Wall
11.811820673867729,-28.23694269913797,Wall
13.661586121326408,-27.08225638568186,Wall
12.844971936343228,-27.592014649395594,Wall
14.279030525062112,-26.696826652796986,Wall
12.434917591557735,-27.84798447537949,Wall
13.25318234585032,-27.337195870335933,Wall
15.338893270620503,-26.03522438959132,Wall
15.122513693860853,-26.170295858322163,Wall
14.696957691849718,-26.435942344370673,Wall
13.45723305618911,-27.209820498067586,Wall
12.020945015897595,-28.10640019393324,Wall
13.04917991689237,-27.464541103729275,Wall
13.86649712240515,-26.954343990763206,Wall
11.387895246553697,-28.50157132517164,Wall
14.908636763835503,-26.303805090102642,Wall
14.4871833402201,-26.566890607607846,Wall
14.072224431579926,-26.825922028651945,Wall
11.60090046945298,-28.36860624253677,Wall
12.640303546944821,-27.71977559787699,Wall
12.22855331309097,-27.976804055320926,Wall
11.811820673867729,-28.23694269913797,Wall
13.661586121326408,-27.08225638568186,Wall
12.844971936343228,-27.592014649395594,Wall
14.279030525062112,-26.696826652796986,Wall
12.434917591557735,-27.84798447537949,Wall
13.25318234585032,-27.337195870335933,Wall
15.338893270620503,-26.03522438959132,Wall
15.122513693860853,-26.170295858322163,Wall
14.696957691849718,-26.435942344370673,Wall
13.45723305618911,-27.209820498067586,Wall
12.020945015897595,-28.10640019393324,Wall
13.04917991689237,-27.464541103729275,Wall
13.86649712240515,-26.954343990763206,Wall
-3.559999222440098,43.83917390342914,Wall
-4.95689706236692,43.8402795409608,Wall
-5.424352356580897,43.840649529447354,Wall
-4.259598245095873,43.8397276324954,Wall
-3.3249244729170186,43.83898784296116,Wall
-3.793939070184024,43.83935906562814,Wall
-4.724237224450945,43.84009539188307,Wall
-4.027041112301021,43.83954356470825,Wall
-2.121636760455914,43.83803544686013,Wall
-5.896637888960129,43.84102334104283,Wall
-3.0884119999363975,43.83880064454238,Wall
-5.659739895741438,43.840835837486736,Wall
-6.8657286128319015,43.84179037141919,Wall
-6.376223117880926,43.84140293031097,Wall
-4.4919006457997455,43.8399114986634,Wall
-5.190170852447437,43.84046417597855,Wall
-2.6098243649973085,43.8384218448648,Wall
-2.850151668872712,43.83861206270282,Wall
-6.135358458260413,43.841212287158605,Wall
-2.3671002270956762,43.83822972994484,Wall
-6.619564567704856,43.841595533830166,Wall
-3.559999222440098,43.83917390342914,Wall
-4.95689706236692,43.8402795409608,Wall
-5.424352356580897,43.840649529447354,Wall
-4.259598245095873,43.8397276324954,Wall
-3.3249244729170186,43.83898784296116,Wall
-3.793939070184024,43.83935906562814,Wall
-4.724237224450945,43.84009539188307,Wall
-4.027041112301021,43.83954356470825,Wall
-2.121636760455914,43.83803544686013,Wall
-5.896637888960129,43.84102334104283,Wall
-3.0884119999363975,43.83880064454238,Wall
-5.659739895741438,43.840835837486736,Wall
-6.8657286128319015,43.84179037141919,Wall
-6.376223117880926,43.84140293031097,Wall
-4.4919006457997455,43.8399114986634,Wall
-5.190170852447437,43.84046417597855,Wall
-2.6098243649973085,43.8384218448648,Wall
-2.850151668872712,43.83861206270282,Wall
-6.135358458260413,43.841212287158605,Wall
-2.3671002270956762,43.83822972994484,Wall
-6.619564567704856,43.841595533830166,Wall
42.22407943394508,140.28332653212038,Wall
42.95340252468861,139.45380345784685,Wall
42.46790954851042,140.00599717178363,Wall
42.831923640695166,139.59197203990396,Wall
42.71061536060989,139.72994657918338,Wall
41.343586310198816,141.28478853456716,Wall
41.728086185653424,140.8474631258519,Wall
41.853527335948286,140.70478791104836,Wall
41.977896858470956,140.56333155243541,Wall
41.60140210406398,140.99155203535628,Wall
42.58932739508303,139.86789801293497,Wall
42.346210976086866,140.1444156247474,Wall
42.10136051445308,140.42290551523573,Wall
41.47329727247687,141.13725688835785,Wall
42.22407943394508,140.28332653212038,Wall
42.95340252468861,139.45380345784685,Wall
42.46790954851042,140.00599717178363,Wall
42.831923640695166,139.59197203990396,Wall
42.71061536060989,139.72994657918338,Wall
41.343586310198816,141.28478853456716,Wall
41.728086185653424,140.8474631258519,Wall
41.853527335948286,140.70478791104836,Wall
41.977896858470956,140.56333155243541,Wall
41.60140210406398,140.99155203535628,Wall
42.58932739508303,139.86789801293497,Wall
42.346210976086866,140.1444156247474,Wall
42.10136051445308,140.42290551523573,Wall
41.47329727247687,141.13725688835785,Wall
80.08776944768677,163.2105458927549,Wall
80.38132361291582,162.4646703641846,Wall
80.32384603262014,162.6107119662533,Wall
80.14788041126481,163.05781327287653,Wall
80.43834357255255,162.31979150511643,Wall
80.20720610462362,162.9070759026291,Wall
80.26583354853224,162.75811267575767,Wall
80.08776944768677,163.2105458927549,Wall
80.38132361291582,162.4646703641846,Wall
80.32384603262014,162.6107119662533,Wall
80.14788041126481,163.05781327287653,Wall
80.43834357255255,162.31979150511643,Wall
80.20720610462362,162.9070759026291,Wall
80.26583354853224,162.75811267575767,Wall
127.52270771065125,43.454286304431115,EmptySpace
80.05254049870875,164.0686064347531,Wall
80.29205544123924,163.46003617576525,Wall
80.23366460829061,163.60839821094618,Wall
80.17434759448722,163.7591135277917,Wall
80.34961199209259,163.31379392177806,Wall
80.62780337390672,162.60695283917104,Wall
80.57318291523124,162.74573493907255,Wall
80.46256726974423,163.0267921094976,Wall
79.98983755104916,164.2279248835035,Wall
80.51812886714711,162.8856187223009,Wall
80.40642153209976,163.16944970629874,Wall
80.11400725235545,163.91242896293983,Wall
80.05254049870875,164.0686064347531,Wall
80.29205544123924,163.46003617576525,Wall
80.23366460829061,163.60839821094618,Wall
80.17434759448722,163.7591135277917,Wall
80.34961199209259,163.31379392177806,Wall
80.62780337390672,162.60695283917104,Wall
80.57318291523124,162.74573493907255,Wall
80.46256726974423,163.0267921094976,Wall
79.98983755104916,164.2279248835035,Wall
80.51812886714711,162.8856187223009,Wall
80.40642153209976,163.16944970629874,Wall
80.11400725235545,163.91242896293983,Wall
127.74439791344739,43.00611953415,EmptySpace
127.96608811624353,42.55795276386888,EmptySpace
128.18777831903967,42.109785993587764,EmptySpace
128.4094685218358,41.661619223306644,EmptySpace
128.63115872463194,41.213452453025525,EmptySpace
206.34859694207833,143.00911382940293,Wall
206.34859694207833,143.00911382940293,Wall
128.85284892742808,40.765285682744405,EmptySpace
206.74433338898464,142.78891587713275,Wall
206.78158921970038,142.8377142165379,Wall
206.70874775948306,142.7423051965224,Wall
206.74433338898464,142.78891587713275,Wall
206.78158921970038,142.8377142165379,Wall
206.70874775948306,142.7423051965224,Wall
129.07453913022422,40.317118912463286,EmptySpace
207.1770692806923,142.6171804455079,Wall
207.25578853329125,142.7202883009025,Wall
207.2154489923597,142.6674508638622,Wall
207.14047228872494,142.56924506463127,Wall
207.1770692806923,142.6171804455079,Wall
207.25578853329125,142.7202883009025,Wall
207.2154489923597,142.6674508638622,Wall
207.14047228872494,142.56924506463127,Wall
129.29622933302036,39.86895214218217,EmptySpace
207.65012313391583,142.49825418582674,Wall
207.6917727146756,142.5528075359723,Wall
207.6105717347267,142.4464490706407,Wall
207.57292495613024,142.39713866085606,Wall
207.53701094932563,142.35009786590447,Wall
207.65012313391583,142.49825418582674,Wall
207.6917727146756,142.5528075359723,Wall
207.6105717347267,142.4464490706407,Wall
207.57292495613024,142.39713866085606,Wall
207.53701094932563,142.35009786590447,Wall
129.5179195358165,39.42078537190105,EmptySpace
208.12858360624392,142.3864096105164,Wall
208.0855586813858,142.33005481058916,Wall
207.9691537443684,142.17758558588304,Wall
208.00604353033034,142.2259044734604,Wall
208.04478265302552,142.276645654672,Wall
207.93394669668157,142.13147077836248,Wall
208.12858360624392,142.3864096105164,Wall
208.0855586813858,142.33005481058916,Wall
207.9691537443684,142.17758558588304,Wall
208.00604353033034,142.2259044734604,Wall
208.04478265302552,142.276645654672,Wall
207.93394669668157,142.13147077836248,Wall
129.73960973861264,38.97261860161993,EmptySpace
208.52170257824517,142.1627832437847,Wall
207.87156109316751,141.31121654293014,Wall
208.43976494827666,142.055459901359,Wall
207.83088507632806,141.25793838385414,Wall
208.40186206577286,142.00581404219224,Wall
208.56617517827272,142.22103423399702,Wall
208.47964340173166,142.1076933979491,Wall
208.61332626730234,142.28279355600344,Wall
207.79200452156897,141.20701195244874,Wall
208.52170257824517,142.1627832437847,Wall
207.87156109316751,141.31121654293014,Wall
208.43976494827666,142.055459901359,Wall
207.83088507632806,141.25793838385414,Wall
208.40186206577286,142.00581404219224,Wall
208.56617517827272,142.22103423399702,Wall
208.47964340173166,142.1076933979491,Wall
208.61332626730234,142.28279355600344,Wall
207.79200452156897,141.20701195244874,Wall
129.96129994140878,38.52445183133881,EmptySpace
209.00450176070586,142.05662158697498,Wall
208.26976216331715,141.09424679733854,Wall
208.3116129316076,141.14906366643447,Wall
208.22982777648724,141.04194003823466,Wall
209.0533884063752,142.12065417145698,Wall
208.9585013900103,141.99636949599108,Wall
208.91509445790768,141.93951433628624,Wall
208.87402491772144,141.88572073344017,Wall
208.83506789217282,141.8346941392557,Wall
209.00450176070586,142.05662158697498,Wall
208.26976216331715,141.09424679733854,Wall
208.3116129316076,141.14906366643447,Wall
208.22982777648724,141.04194003823466,Wall
209.0533884063752,142.12065417145698,Wall
208.9585013900103,141.99636949599108,Wall
208.91509445790768,141.93951433628624,Wall
208.87402491772144,141.88572073344017,Wall
208.83506789217282,141.8346941392557,Wall
130.18299014420492,38.07628506105769,EmptySpace
208.70935794734032,140.9314965727823,Wall
208.75243757209222,140.98792301958818,Wall
209.39590098442926,141.8307426638369,Wall
209.44351784472482,141.89311206120288,Wall
208.59168642221545,140.77736834879556,Wall
209.3087574686155,141.71660056097826,Wall
209.268701285109,141.66413427045478,Wall
208.62915662039612,140.82644747045978,Wall
209.35107501044695,141.77202881823118,Wall
209.49425001272428,141.9595619431472,Wall
208.6683257047632,140.8777518229977,Wall
208.70935794734032,140.9314965727823,Wall
208.75243757209222,140.98792301958818,Wall
209.39590098442926,141.8307426638369,Wall
209.44351784472482,141.89311206120288,Wall
208.59168642221545,140.77736834879556,Wall
209.3087574686155,141.71660056097826,Wall
209.268701285109,141.66413427045478,Wall
208.62915662039612,140.82644747045978,Wall
209.35107501044695,141.77202881823118,Wall
209.49425001272428,141.9595619431472,Wall
208.6683257047632,140.8777518229977,Wall
130.0487985331069,37.594628947724836,EmptySpace
129.91460692200886,37.11297283439198,EmptySpace
129.78041531091083,36.63131672105913,EmptySpace
129.6462236998128,36.149660607726275,EmptySpace
129.51203208871476,35.66800449439342,EmptySpace
129.37784047761673,35.18634838106057,EmptySpace
129.2436488665187,34.704692267727715,EmptySpace
129.10945725542066,34.22303615439486,EmptySpace
128.97526564432263,33.74138004106201,EmptySpace
128.8410740332246,33.259723927729155,EmptySpace
128.70688242212657,32.7780678143963,EmptySpace
128.57269081102854,32.29641170106345,EmptySpace
128.4384991999305,31.814755587730595,EmptySpace
128.30430758883247,31.33309947439774,EmptySpace
128.17011597773444,30.851443361064888,EmptySpace
128.0359243666364,30.369787247732035,EmptySpace
127.90173275553836,29.88813113439918,EmptySpace
127.76754114444032,29.406475021066328,EmptySpace
127.63334953334227,28.924818907733474,EmptySpace
127.49915792224422,28.44316279440062,EmptySpace
127.36496631114618,27.961506681067767,EmptySpace
127.23077470004813,27.479850567734914,EmptySpace
127.09658308895008,26.99819445440206,EmptySpace
126.96239147785204,26.516538341069207,EmptySpace
126.82819986675399,26.034882227736354,EmptySpace
126.69400825565594,25.5532261144035,EmptySpace
126.5598166445579,25.071570001070647,EmptySpace
126.42562503345985,24.589913887737794,EmptySpace
126.2914334223618,24.10825777440494,EmptySpace
